ロケール,画像,商品名,売れ筋ランキング: 現在価格,売れ筋ランキング: 90 日平均,売れ筋ランキング: 90日間の下落 %,売れ筋ランキング: 過去90日間の減少,売れ筋ランキング: 参照,売れ筋ランキング: 表示グループ,売れ筋ランキング: サブカテゴリ 売れ筋ランキング,先月の購入,90日間の変化 % 毎月の販売数,返品率,レビュー: 評価,レビュー: 評価件数,レビュー: 評価件数 - 90日間の下落 %,レビュー: レビュー数 - フォーマット固有,最新の価格変更,Buy Box 🚚: 現在価格,Buy Box 🚚: 90 日平均,Buy Box 🚚: 90日間の下落 %,Buy Box 🚚: 在庫,Buy Box 🚚: 90日間在庫切れ,Buy Box: Buy Box セラー,Buy Box: 発送国,Buy Box: 取り消し線付き価格,Buy Box: % Amazon 90 日,Buy Box: % トップセラー 90 日,Buy Box: 勝者数 90 日,Buy Box: 標準偏差 90 日,Buy Box: 変動性 90 日,Buy Box: FBAです,Buy Box: 資格なし,Buy Box: プライム対象,Buy Box: 定期おトク便,Amazon: 現在価格,Amazon: 90 日平均,Amazon: 90日間の下落 %,Amazon: 在庫,Amazon: 90日間在庫切れ,新品: 現在価格,新品: 90 日平均,新品: 90日間の下落 %,新品: 90日間在庫切れ,新しい、第三者FBA: 現在価格,新しい、第三者FBA: 90 日平均,新しい、第三者FBA: 90日間の下落 %,新しい、第三者FBA: 在庫,FBA Pick&Pack 料金,紹介料％,現在のBuy Box価格に基づく紹介料,新品 第三者 FBM 🚚: 現在価格,新品 第三者 FBM 🚚: 90 日平均,新品 第三者 FBM 🚚: 90日間の下落 %,新品 第三者 FBM 🚚: 在庫,新品、プライム専用: 現在価格,新品、プライム専用: 90 日平均,新品、プライム専用: 90日間の下落 %,タイムセール: 現在価格,Buy Box 中古 🚚: 現在価格,Buy Box 中古 🚚: 90 日平均,Buy Box 中古 🚚: 90日間の下落 %,Buy Box 中古: Buy Box 中古 販売者,Buy Box 中古: FBAです,Buy Box 中古: 条件,中古: 現在価格,中古: 90 日平均,中古: 90日間の下落 %,中古: 90日間在庫切れ,中古品 - ほぼ新品 🚚: 現在価格,中古品 - ほぼ新品 🚚: 90 日平均,中古品 - ほぼ新品 🚚: 90日間の下落 %,中古品 - 非常に良い 🚚: 現在価格,中古品 - 非常に良い 🚚: 90 日平均,中古品 - 非常に良い 🚚: 90日間の下落 %,中古品 - 良い 🚚: 現在価格,中古品 - 良い 🚚: 90 日平均,中古品 - 良い 🚚: 90日間の下落 %,中古品 - 可 🚚: 現在価格,中古品 - 可 🚚: 90 日平均,中古品 - 可 🚚: 90日間の下落 %,倉庫: 現在価格,倉庫: 90 日平均,倉庫: 90日間の下落 %,参考価格: 現在価格,参考価格: 90 日平均,参考価格: 90日間の下落 %,eBay 新品 🚚: 現在価格,eBay 新品 🚚: 90 日平均,eBay 新品 🚚: 90日間の下落 %,eBay 中古品 🚚: 現在価格,eBay 中古品 🚚: 90 日平均,eBay 中古品 🚚: 90日間の下落 %,合計オファー数,新品アイテム数: 現在価格,新品アイテム数: 90 日平均,"検索されたライブオファーの数。: 新品, FBA","検索されたライブオファーの数。: 新品, FBM",中古アイテム数: 現在価格,中古アイテム数: 90 日平均,トラッキング開始日,リストされてから,カテゴリ: ルート,カテゴリ: サブ,カテゴリ: ツリー,ウェブサイト表示グループ: 名前,ASIN,商品コード: EAN,商品コード: UPC,商品コード: GTIN,商品コード: PartNumber,親会社ASIN,バリエーションASIN,よく一緒に購入されるもの,タイプ,製造者,ブランド,ブランドストア名,ブランドストアURL名,商品グループ,モデル,バリエーション属性,色,サイズ,単位の詳細: 単位の価値,単位の詳細: 単位の種類,香り,アイテムの形状,パターン,スタイル,素材,アイテムタイプ,対象ユーザー,推奨用途,具体的な用途,製品の利点,エディション,フォーマット,執筆者,投稿者,じょうてい,アイテム数,ページ数,出版日,発売日,言語,ビデオ: 動画数,ビデオ: メイン動画あり,ビデオ: 主なビデオ,ビデオ: 追加ビデオ,A+コンテンツ: A+コンテンツあり,パッケージ: サイズ (cm³),パッケージ: 重さ (g),パッケージ: 数量,商品: サイズ (cm³),商品: 重さ (g),付属コンポーネント,成分,有効成分,特別な成分,安全上の警告,電池の必要性,電池が含まれています,危険物,HazMat である,熱に敏感,成人向け商品,Merch on Demandです,Trade-In 対象,セール情報: セールタイプ,セール情報: バッジ,ワンタイムクーポン: アブソルート,ワンタイムクーポン: パーセンテージ,ワンタイムクーポン: 定期おトク便 %,ビジネス割引: パーセンテージ
co.jp,https://m.media-amazon.com/images/I/91KkcVXaYHL.jpg;https://m.media-amazon.com/images/I/91X3KqVOPDL.jpg,ユーキャン ペン字トレーニングDS (ユーキャンすらすらタッチペン同梱),20155,16806,-20%,17,ゲーム,video_games_display_on_website,# 623 | Top 9% | ニンテンドーDSゲームソフト,,,,3.6,71,0%,-,2025/12/17 16:38,"3,980","3,857",-3%,1,8%,SINGARIプライスGEN (100%) / A1X2O4DU7O7EZG,,-,0%,35%,5,368,0,yes,no,yes,no,,,,,100%,"3,980","3,847",-3%,0%,"3,980","3,851",-3%,1,288,15%,597,,"4,059",,0,,,,,,462,,,no,,10,71,86%,0%,,"4,544",,850,"1,275",33%,360,384,6%,360,363,1%,,,,,"3,080",,,,,,,,30,1,3,1,0,29,33,2011/3/31,2007/6/23,ゲーム,ゲームソフト,ゲーム › 機種別 › レガシーシステム › 任天堂システム › ニンテンドーDS › ゲームソフト,Video Games,B001ADUCYK,4.97437E+12,,,NTRPYUPJ,,,B000ESIFNC,PHYSICAL_VIDEO_GAME_SOFTWARE,セガ,セガ,,,ビデオゲーム,13306371,,,,,,,,,,,,,,,,,DVD-ROM,,,Video Game,,,,2008/9/25,,0,no,,,no,35,20,1,324,18,,,,,,no,no,,no,no,no,no,no,,,-,,,
co.jp,https://m.media-amazon.com/images/I/61BE2a0sJ2L.jpg,メジャーDS ドリームベースボール,20224,21983,8%,20,ゲーム,video_games_display_on_website,# 628 | Top 15% | ニンテンドーDSゲームソフト,,,,2.2,10,0%,-,2025/12/17 3:38,"5,000","4,962",-1%,1,0%,ホビーショップ タイガー （インボイス登録店） (95%) / A9FCWEOEXGVO6,JP,-,0%,84%,2,79,0,no,no,no,no,,,,,100%,"5,000","4,962",-1%,0%,"5,980","5,766",-4%,2,288,15%,750,"5,000","4,964",-1%,1,,,,,,384,,[object Object],no,中古品 - 良い,1,91,99%,0%,,,,506,866,42%,351,642,45%,380,455,16%,,,,,,,,,,,,,22,3,3,2,1,19,19,2011/4/11,2007/6/23,ゲーム,ゲームソフト,ゲーム › 機種別 › レガシーシステム › 任天堂システム › ニンテンドーDS › ゲームソフト,Video Games,B0019530K2,4.90481E+12,,,NTRPYM3J,,,,PHYSICAL_VIDEO_GAME_SOFTWARE,タカラトミー,TOMY,,,ビデオゲーム,13306151,,,,,,,,,,,,,,,,,,,,Video Game,,,,2008/7/31,,0,no,,,no,35,20,1,64,,,,,,,no,no,,no,no,no,no,no,,,-,,,
co.jp,https://m.media-amazon.com/images/I/41Bw3OSOsmL.jpg;https://m.media-amazon.com/images/I/31bq95QiitL.jpg;https://m.media-amazon.com/images/I/41qZLtFB8LL.jpg;https://m.media-amazon.com/images/I/31De2Yu0ADL.jpg,第一電波工業 ダイヤモンド 120/300MHz帯エアバンド受信用ハンディアンテナ SMA形コネクター SRH1230,20844,23424,11%,44,家電＆カメラ,ce_display_on_website,# 5 | Top 0.12% | 無線アンテナ,50,-2%,,4.4,279,,74,2025/12/15 2:20,"4,299","4,072",-6%,,0%,✅ファーストウェーブ (100%) / A15YER4227LZIJ,JP,"5,660",0%,57%,4,144,0,yes,no,yes,no,,,,,100%,"3,504","3,504",0%,0%,,"4,027",,22,589,10%,430,,"3,961",,,,,,,,,,,no,,,,,100%,,,,,,,,,,,,,,,,,"5,660",,,,,,,,12,12,12,2,8,,,2015/4/3,2009/5/21,家電＆カメラ,無線アンテナ,家電＆カメラ › 無線・トランシーバー › 無線機アクセサリ › 無線アンテナ,CE,B002AOGAF8,4.93631E+12,,,SRH1230,B08PW3TFJ6,B002AOGAF8,"B004LE70MC,B003QNYPJ0",ANTENNA,ダイヤモンドアンテナ,Diamond Antenna,,,エレクトロニクス,SRH1230,PatternName: 単品;,ブラック,,,,,,単品,,,,,,,,,,,,エレクトロニクス,,,,,英語: ,0,no,,,no,34,20,1,,,,,,,,no,no,,no,no,no,no,no,,,-,,,
co.jp,https://m.media-amazon.com/images/I/31rNTSOzKuL.jpg,コーケン 3/8(9.5mm)SQ. インパクト6角セミディープソケット(薄肉) 22mm 13301X-22,21081,11018,-91%,76,DIY・工具・ガーデン,home_improvement_display_on_website,# 78 | Top 0.24% | インパクトレンチアクセサリ; # 64 | Top 0.08% | ソケット,,,,4.6,63,,-,2025/12/13 15:44,"2,133","2,097",-2%,,0%,ホームセンターバロー (88%) / A2DXPWP6IJCM5C,JP,-,0%,77%,6,62,0,no,no,no,no,,,,,100%,"1,569","1,889",17%,0%,,,,,318,15%,320,,"2,020",,,,,,,,,,,no,,,,,100%,,,,,,,,,,,,,,,,,,,,,,,,,14,14,8,0,13,,,2019/12/18,2011/1/10,DIY・工具・ガーデン,"インパクトレンチアクセサリ, ソケット",DIY・工具・ガーデン › 電動工具・エア工具 › 電動工具パーツ・アクセサリ › インパクトレンチアクセサリ,Home Improvement,B004IKMIMG,4.99164E+12,,4.99164E+12,KKN13301X-22,B07DC1Z32W,"B004IKO766,B0754K3XYR,B004IKMEMA,B004IKOAS6,B004IKOC0W,B004IKOAUE,B004IKQ1W4,B004IKQ6ME,B004IKMA60,B004IKRXZI,B004IKRT8O,B004IKO6Z8,B00C46PBA2,B004IKQ6HE,B004IKRT5C,B004IKQ584,B004IKTU40,B004IKRT48,B004IKMERK,B004IKM9Y8,B004IKOC4I,B004IKRWQI,B004IKS1X6,B004IKTQHG,B004IKM9KW,B004IKO6FS,B004IKRSR6,B004IKO6KS,B004IKQ1GA,B004IKRSXA,B004IKM9T8,B004IKTPPE,B004IKMABU,B004IKM9WK,B004IKTUDG,B004IKQ6PQ,B004IKTU9U,B004IKMIMG,B004IKOG3A,B004IKO7MK,B004IKOG08,B004IKO7K2,B004IKQANE,B004IKO7HA,B004IKOFW2,B004IKTQ76,B004IKOFYK,B004IKO7CK,B004IKQ6TC,B004IKS1PO,B004IKOCKC,B004IKRVV4,B004IKRVW8,B004IKTSA6,B004IKTSBK,B004IKO9UU,B004IKQA66,B004IKMI8U,B004IKMEK2,B004IKS1FE,B004IKOFPE,B004IKMIC6,B004IKTX1U,B004IKS1M2,B004IKMIF8,B004IKTX42,B004IKMIGC,B004IKOBLC,B004IKMCZO,B004IKMD1W,B004IKQ4P8,B004IKQ4RQ,B004IKMD62,B004IKQ66U,B004IKRXNU,B004IKMEHA,B004IKOBTO,B004IKQ61K,B004IKTSE2,B004IKQ5ZC,B004IKTTQ4,B004IKTTOQ",,FASTENER_DRIVE_BIT,山下工業研究所,コーケン(Kohken),,,家の修繕,KKN13301X-22,Size: 差込角 : 9.5mm; Style: 二面幅 : 22mm;,,差込角 : 9.5mm,1,個,,,,二面幅 : 22mm,,,,,,,,,,,Automotive,,,,,,0,no,,,yes,93,110,1,,110,,,,,,no,no,,no,no,no,no,no,,,-,,,
co.jp,https://m.media-amazon.com/images/I/91pJccP0SEL.jpg,熱血高校ドッジボール部 強敵!闘球戦士の巻,21507,32310,33%,7,ゲーム,video_games_display_on_website,# 148 | Top 9% | ゲームボーイゲームソフト,,,,4.4,3,0%,2,2025/12/17 13:56,"4,780","4,803",0%,1,5%,おもちゃのマツダ (92%) / A25C7AH5S535RZ,JP,-,0%,94%,2,77,0,no,no,no,no,,,,,100%,"3,980","4,030",1%,0%,,,,,288,15%,717,"4,780","4,805",1%,1,,,,,,,,,no,,350,349,0%,0%,,"3,582",,"3,000","3,010",0%,"6,460","1,866",-246%,700,699,0%,,,,,,,,,,,,,16,1,1,0,1,15,18,2011/5/5,2002/10/30,ゲーム,ゲームソフト,ゲーム › 機種別 › レガシーシステム › 任天堂システム › ゲームボーイシステム › ゲームボーイ › ゲームソフト,Video Games,B000069T5M,4.96895E+12,,,,B0146AF8VA,"B00OT5OI50,B000069T5M",,PHYSICAL_VIDEO_GAME_SOFTWARE,テクノスジャパン,アークシステムワークス,,,ビデオゲーム,,Edition: オリジナル版;,,,,,,,,,,,,,,,オリジナル版,DVD-ROM,,,Video Game,,,,1991/11/8,,0,no,,,no,26,18,1,,,,,,,,no,no,,no,no,no,no,no,,,-,,,
co.jp,https://m.media-amazon.com/images/I/61Jq5KUmHRL.jpg,東京ダンジョン,21614,25634,16%,11,ゲーム,video_games_display_on_website,# 979 | Top 23% | プレイステーションゲームソフト,,,,4.4,4,,-,2025/12/9 11:48,"9,686","9,676",0%,1,0%,SomeNet33 (100%) / A2Q28NF9BNP7VZ,JP,-,0%,100%,2,61,0,no,no,no,no,,,,,100%,"9,306","9,306",0%,0%,,,,,288,15%,"1,453",,"9,686",,1,,,,,,"1,351",,ジャパン【在庫確実】 (100%) / A3U8AG0CYHWDM8,no,中古品 - 非常に良い,900,628,-43%,0%,,"4,415",,,"2,909",,,"1,279",,,398,,,,,,,,,,,,,,13,1,1,0,1,11,10,2014/1/30,2002/10/30,ゲーム,ゲームソフト,ゲーム › 機種別 › レガシーシステム › PlayStationシステム › プレイステーション › ゲームソフト,Video Games,B000069URF,4.99777E+12,,,,,,,PHYSICAL_VIDEO_GAME_SOFTWARE,角川書店,角川書店,,,ビデオゲーム,,,,,,,,,,,,,,,,,,,,,Video Game,,,,1995/12/22,,0,no,,,no,57,18,1,,,,,,,,no,no,,no,no,no,no,no,,,-,,,
co.jp,https://m.media-amazon.com/images/I/61p9DokknkL.jpg;https://m.media-amazon.com/images/I/71QWrIfZ6IL.jpg;https://m.media-amazon.com/images/I/71aNNqiuEWL.jpg,KODAK 32GB クラス10 UHS-I U1 MicroSDHCカード アダプター付き 書き込み速度10倍,21817,88682,75%,13,パソコン・周辺機器,pc_display_on_website,# 264 | Top 1.49% | microSDカード; # 131 | Top 1.04% | SDカード,,,,4.6,197,-4%,-,2025/12/18 9:32,"3,684","4,744",22%,,11%,レコメンドネット (100%) / A2CFI6VGGL72OJ,JP,"4,764",0%,45%,5,251,0,no,no,no,no,,,,,100%,"3,499","4,570",23%,0%,"4,043","4,658",13%,,288,9.99%,368,"3,684","5,092",28%,,,,,,,,,,no,,,,,100%,,,,,,,,,,,,,,,,,,,,,,,,,6,6,4,1,5,,,2020/1/5,2016/6/8,パソコン・周辺機器,"SDカード, microSDカード",パソコン・周辺機器 › PCアクセサリ・サプライ › メモリーカード › SDカード,Personal Computer,B01FZPDON4,3.12617E+12,,3.12617E+12,EKMSDM32GHC10K,,,B0DY89Z83G,FLASH_MEMORY,KODAK,KODAK,KODAK,KODAKデジタルフォトフレーム,パソコン,EKMSDM32GHC10K,,ブラック,32GB,1,個,,,,,,,,,,,,,,,Personal Computers,1,,,2019/8/6,フランス語: ; フランス語: ,0,no,,,no,88,18,1,104,4,,,,,,no,no,,no,no,no,no,no,,,-,,,
co.jp,https://m.media-amazon.com/images/I/71Y+v027KtL.jpg,ボボボーボ・ボーボボ爆闘ハジケ大戦,22177,21304,-4%,7,ゲーム,video_games_display_on_website,# 253 | Top 14% | ゲームボーイアドバンスゲームソフト,,,,3.6,12,,-,2025/12/11 1:50,"4,200","4,255",1%,,0%,【公式ストア】ネクストジャパン　（すり替え防止対策店） (86%) / A42Z7NYSLA4S6,JP,-,0%,98%,3,83,0,no,no,no,no,,,,,100%,"4,200","4,202",0%,0%,,"4,380",,,288,15%,630,,"4,200",,,,,,,,,,,no,,230,222,-4%,0%,,,,,"5,920",,,"2,239",,,576,,,,,,,,,,,,,,13,4,6,0,5,9,10,2011/3/26,2004/9/9,ゲーム,ゲームソフト,ゲーム › 機種別 › レガシーシステム › 任天堂システム › ゲームボーイシステム › ゲームボーイアドバンス › ゲームソフト,Video Games,B0002ER6HY,4.98861E+12,,,,,,,PHYSICAL_VIDEO_GAME_SOFTWARE,ハドソン,ハドソン,,,ビデオゲーム,,,,,,,,,,,,,,,,,,DVD-ROM,,,Video Game,,,,2004/9/9,,0,no,,,no,22,20,1,257,18,,,,,,yes,yes,"Proper Shipping Name: LITHIUM METAL BATTERIES PACKED WITH EQUIPMENT; United Nations Regulatory Id: UN3091; Regulatory Packing Group: II; Transportation Regulatory Class: 9; Exception: AE_SmallLithiumMetalBatteryWithEquipment, AU_SmallLithiumMetalBatteryWithEquipment, BE_SmallLithiumMetalBatteryWithEquipment, BR_SmallLithiumMetalBatteryWithEquipment, CA_SmallLithiumMetalBatteryWithEquipment, CN_SmallLithiumMetalBatteryWithEquipment, DE_SmallLithiumMetalBatteryWithEquipment, EG_SmallLithiumMetalBatteryWithEquipment, ES_SmallLithiumMetalBatteryWithEquipment, FR_SmallLithiumMetalBatteryWithEquipment, GB_SmallLithiumMetalBatteryWithEquipment, IE_SmallLithiumMetalBatteryWithEquipment, IN_SmallLithiumMetalBatteryWithEquipment, IT_SmallLithiumMetalBatteryWithEquipment, JP_SmallLithiumMetalBatteryWithEquipment, MX_SmallLithiumMetalBatteryWithEquipment, NL_SmallLithiumMetalBatteryWithEquipment, PL_SmallLithiumMetalBatteryWithEquipment, SA_SmallLithiumMetalBatteryWithEquipment, SE_SmallLithiumMetalBatteryWithEquipment, SG_SmallLithiumMetalBatteryWithEquipment, TR_SmallLithiumMetalBatteryWithEquipment, US_SmallLithiumMetalBatteryWithEquipment, ZA_SmallLithiumMetalBatteryWithEquipment;",yes,no,no,no,no,,,-,,,
co.jp,https://m.media-amazon.com/images/I/81kIfxhxLgL.jpg,2800セレクション メモリーズオフ~それから~ - PSP,49617,48156,-3%,1,ゲーム,video_games_display_on_website,"# 1,657 | Top 40% | PSPゲームソフト",,,,4.5,4,0%,-,2025/12/13 17:12,"2,699","2,971",9%,1,0%,トレジャーマーケット24(商品説明を必ずご確認下さい。) (91%) / A27V0CQWJGECEU,JP,-,0%,100%,1,173,0,yes,no,yes,no,,,,,100%,"2,699","2,971",9%,0%,"2,699","2,974",9%,1,288,15.01%,405,,"3,259",,0,,,,,,"1,789",,,no,,"1,088","1,137",4%,0%,,,,"2,849","2,497",-14%,"1,700","1,656",-3%,"1,428","1,712",17%,,,,,,,,,,,,,7,1,1,1,0,5,6,2011/3/30,2009/10/16,ゲーム,ゲームソフト,ゲーム › 機種別 › レガシーシステム › PlayStationシステム › PSP › ゲームソフト,Video Games,B002T1G7PK,4.56025E+12,,,,,,,PHYSICAL_VIDEO_GAME_SOFTWARE,サイバーフロント,PlayStation,,,ビデオゲーム,,,,,,,,,,,,,,,,,,,,,Video Game,,,,2009/12/17,,0,no,,,no,15,82,1,,200,,,,,,no,no,,no,no,no,no,no,,,-,,,
co.jp,https://m.media-amazon.com/images/I/51UNbSla0XL.jpg;https://m.media-amazon.com/images/I/51VgEqp1akL.jpg,遊戯王カード【 破壊竜ガンドラ 】VB08-JP001-UR,49734,237671,79%,1,おもちゃ,toy_display_on_website,# 980 | Top 7% | トレーディングカードゲーム単品,,,,5,1,,-,2025/12/17 10:46,"2,396","2,362",-1%,9,0%,【トレカ】Mimiange (年末セール◆２点目以降全品100円返金！12/31迄) (85%) / A37OAH3H3FBF8J,JP,-,0%,53%,3,197,0,no,no,no,no,,,,,100%,"1,998","1,960",-2%,0%,,,,,288,10.02%,240,,"2,348",,9,,,,,,500,,毎日出荷１１００円以上は土日祝も配送、送料無料/MKSストア (95%) / ALC1AEA8L88LT,no,中古品 - 良い,139,144,3%,0%,,,,,,,,500,,,489,,,,,,,,,,,,,,8,3,3,0,2,5,5,2011/5/31,2007/7/16,おもちゃ,単品,おもちゃ › ゲーム › カードゲーム・トランプ › トレーディングカードゲーム › 単品,Hobby,B00454C10E,9.78409E+12,,,YorozuyaYoshino-VB8-JP001,,,,COLLECTIBLE_CARD,コナミデジタルエンタテインメント,コナミデジタルエンタテインメント(Konami Digital Entertainment),コナミデジタルエンタテインメント(Konami Digital Entertainment),KONAMI,Toy,YorozuyaYoshino-VB8-JP001,,,,1,,,,,,,,,,,,,,,,おもちゃ＆ホビー,1,,,,,0,no,,,no,25,4,1,,,カード,,,,,no,no,,no,no,no,no,no,,,-,,,
co.jp,https://m.media-amazon.com/images/I/51df7O3kjpL.jpg;https://m.media-amazon.com/images/I/41mmdYKs-gL.jpg;https://m.media-amazon.com/images/I/516fqCDM-hL.jpg;https://m.media-amazon.com/images/I/51QhNv5MzKL.jpg;https://m.media-amazon.com/images/I/71F-B3jdcJL.jpg;https://m.media-amazon.com/images/I/61ummOLcwsL.jpg;https://m.media-amazon.com/images/I/619GMcnAZdL.jpg;https://m.media-amazon.com/images/I/61cuCfIpzJL.jpg;https://m.media-amazon.com/images/I/61FX3jmVK0L.jpg,Transcend SDカード 512GB UHS-I U3 V30 対応 Class10 (最大転送速度95MB/s) TS512GSDC300S,49861,67563,26%,11,パソコン・周辺機器,pc_display_on_website,# 267 | Top 1.27% | SDカード,,,,4,293,-1%,69,2025/12/17 19:50,"13,550","8,080",-68%,99,0%,南米乃密林的電脳市場 (25%) / A8KETNID0FWCR,US,-,0%,65%,7,"2,032",0,no,no,no,no,,,,,100%,"13,549","8,047",-68%,0%,"13,880","8,130",-71%,2,288,10%,"1,355","13,549","8,335",-63%,699,,,,,,,,,no,,,,,100%,,,,,,,,,,,,,,,,,,,,,,,,,15,15,10,1,14,,,2018/10/9,2018/9/3,パソコン・周辺機器,SDカード,パソコン・周辺機器 › PCアクセサリ・サプライ › メモリーカード › SDカード,Personal Computer,B07H27BZYR,7.60558E+11,7.60558E+11,7.60558E+11,TS512GSDC300S,B08V63B5GQ,B07H27BZYR,B07RN3FZ87,FLASH_MEMORY,トランセンドジャパン,トランセンドジャパン,トランセンドジャパン,Transcendトランセンドジャパン,パソコン,TS512GSDC300S,PatternName: 単品;,ブラック,512GB,1,個,,,単品,,,,,,,,,,,,Personal Computers,1,,,2019/3/1,英語: ,0,no,,,yes,89,9,1,2,2,,,,,,no,no,,no,no,no,no,no,,,-,,,
co.jp,https://m.media-amazon.com/images/I/61QTDDbH1iL.jpg;https://m.media-amazon.com/images/I/61yBj3tpiAL.jpg;https://m.media-amazon.com/images/I/21Lspfar4dL.jpg,釣研(TSURIKEN) ウキ エキスパートグレV オレンジ 0C,49951,285398,82%,3,スポーツ＆アウトドア,sports_display_on_website,# 138 | Top 5% | 磯・堤防釣り用ウキ,,,,5,4,-33%,-,2025/12/17 23:50,"3,022","2,465",-23%,,0%,南紀屋（なんきや） (97%) / A16X7OY7PWR4S8,JP,-,0%,57%,4,219,0,no,no,no,no,,,,,100%,"1,980","1,920",-3%,0%,,,,,288,9.99%,302,"2,718","2,401",-13%,,,,,,,,,,no,,,,,100%,,,,,,,,,,,,,,,,,,,,,,,,,5,5,6,0,4,,,2020/2/2,2019/9/7,スポーツ＆アウトドア,磯・堤防釣り用,スポーツ＆アウトドア › 釣り › 仕掛け › ウキ › 磯・堤防釣り用,Sports,B07XJ93RL9,4.9898E+12,,,,,,B07XMJ3WSM,FISHING_LINE,釣研(TSURIKEN),釣研,,,スポーツ用品,,,オレンジ,,1,個,,,,,,,,,,,,,,,スポーツ用品,,,,,,0,no,,,no,58,20,1,,1,,,,,,no,no,,no,no,no,no,no,,,-,,,
